Administrative District,Year,Total Enrollment,Grade 3K+PK (Half Day & Full Day),Grade K,Grade 1,Grade 2,Grade 3,Grade 4,Grade 5,Grade 6,Grade 7,Grade 8,Grade 9,Grade 10,Grade 11,Grade 12,# Female,% Female,# Male,% Male,# Asian,% Asian,# Black,% Black,# Hispanic,% Hispanic,# Multi-Racial,% Multi-Racial,# Native American,% Native American,# White,% White,# Missing Race/Ethnicity Data,% Missing Race/Ethnicity Data,# Students with Disabilities,% Students with Disabilities,# English Language Learners,% English Language Learners,# Poverty,% Poverty,Economic Need Index
1,2016-17,11772,827,850,907,889,859,834,808,828,833,836,675,988,817,821,"5,748",48.8%,"6,024",51.2%,"2,594",22.0%,"1,901",16.1%,"4,855",41.2%,262,2.2%,74,0.6%,"2,059",17.5%,27,0.2%,"2,555",21.7%,"1,065",9.0%,"7,265",61.7%,59.7%
1,2017-18,11632,800,851,846,854,862,839,813,786,798,843,729,959,905,747,"5,590",48.1%,"6,042",51.9%,"2,517",21.6%,"1,800",15.5%,"4,887",42.0%,306,2.6%,71,0.6%,"2,022",17.4%,29,0.2%,"2,528",21.7%,"1,016",8.7%,"7,682",66.0%,67.0%
1,2018-19,11376,759,799,850,816,838,839,832,750,780,782,746,928,813,844,"5,457",48.0%,"5,919",52.0%,"2,443",21.5%,"1,758",15.5%,"4,695",41.3%,337,3.0%,60,0.5%,"2,045",18.0%,38,0.3%,"2,597",22.8%,966,8.5%,"7,314",64.3%,66.1%
1,2019-20,11506,960,812,782,848,813,818,831,758,765,793,817,873,801,835,"5,517",47.9%,"5,989",52.1%,"2,442",21.2%,"1,747",15.2%,"4,689",40.8%,383,3.3%,63,0.5%,"2,056",17.9%,126,1.1%,"2,593",22.5%,919,8.0%,"7,419",64.5%,67.7%
1,2020-21,11021,832,728,762,746,787,775,788,755,752,756,830,894,825,791,"5,278",47.9%,"5,743",52.1%,"2,331",21.2%,"1,630",14.8%,"4,483",40.7%,427,3.9%,57,0.5%,"1,992",18.1%,101,0.9%,"2,455",22.3%,915,8.3%,"6,960",63.2%,66.3%
2,2016-17,63805,2526,3051,2913,2832,2803,2935,2770,2671,2527,2478,10188,9404,8654,8053,"33,447",52.4%,"30,357",47.6%,"14,558",22.8%,"9,837",15.4%,"20,712",32.5%,"1,683",2.6%,322,0.5%,"15,949",25.0%,744,1.2%,"10,655",16.7%,"5,462",8.6%,"32,855",51.5%,47.2%
2,2017-18,63497,2558,3193,2961,2873,2750,2777,2864,2743,2580,2548,9515,9609,8353,8173,"33,172",52.2%,"30,316",47.7%,"14,213",22.4%,"9,391",14.8%,"20,623",32.5%,"1,897",3.0%,336,0.5%,"16,360",25.8%,677,1.1%,"10,882",17.1%,"5,392",8.5%,"34,971",55.1%,54.3%
2,2018-19,62973,2665,3033,3077,2830,2773,2710,2698,2816,2691,2600,9511,9025,8608,7936,"32,786",52.1%,"30,187",47.9%,"13,978",22.2%,"8,865",14.1%,"20,355",32.3%,"2,127",3.4%,353,0.6%,"16,659",26.5%,636,1.0%,"11,080",17.6%,"5,049",8.0%,"33,493",53.2%,52.9%
2,2019-20,62820,2966,3128,2896,2978,2772,2712,2667,2780,2757,2701,9113,9118,8073,8159,"32,668",52.0%,"30,152",48.0%,"13,918",22.2%,"8,629",13.7%,"20,153",32.1%,"2,251",3.6%,354,0.6%,"16,983",27.0%,532,0.8%,"11,015",17.5%,"4,647",7.4%,"32,756",52.1%,53.5%
2,2020-21,60327,2603,2695,2622,2506,2600,2525,2481,2625,2638,2674,9135,8992,8535,7696,"31,440",52.1%,"28,887",47.9%,"13,455",22.3%,"8,338",13.8%,"19,782",32.8%,"2,169",3.6%,352,0.6%,"15,503",25.7%,728,1.2%,"10,829",18.0%,"4,818",8.0%,"31,697",52.5%,53.3%
3,2016-17,22706,1084,1405,1511,1462,1436,1360,1289,1484,1426,1305,2284,2501,2123,2036,"12,173",53.6%,"10,532",46.4%,"1,824",8.0%,"5,144",22.7%,"7,477",32.9%,741,3.3%,119,0.5%,"7,126",31.4%,275,1.2%,"3,977",17.5%,"1,170",5.2%,"10,827",47.7%,44.4%
3,2017-18,22667,1144,1295,1388,1442,1437,1401,1361,1390,1464,1427,2353,2370,2234,1961,"12,192",53.8%,"10,465",46.2%,"1,875",8.3%,"4,873",21.5%,"7,332",32.3%,852,3.8%,119,0.5%,"7,349",32.4%,267,1.2%,"4,026",17.8%,"1,140",5.0%,"11,293",49.8%,50.1%
3,2018-19,22577,1198,1348,1289,1340,1418,1386,1380,1474,1396,1470,2216,2408,2168,2086,"12,160",53.9%,"10,417",46.1%,"1,936",8.6%,"4,712",20.9%,"7,172",31.8%,906,4.0%,118,0.5%,"7,440",33.0%,293,1.3%,"4,145",18.4%,"1,070",4.7%,"11,050",48.9%,48.9%
3,2019-20,22564,1386,1384,1300,1243,1334,1369,1345,1408,1454,1365,2460,2202,2225,2089,"12,268",54.4%,"10,296",45.6%,"2,049",9.1%,"4,464",19.8%,"7,097",31.5%,931,4.1%,116,0.5%,"7,443",33.0%,464,2.1%,"4,177",18.5%,954,4.2%,"10,515",46.6%,49.8%
3,2020-21,21084,1168,1166,1195,1153,1131,1185,1257,1324,1342,1427,2025,2478,2090,2143,"11,412",54.1%,"9,672",45.9%,"2,007",9.5%,"4,057",19.2%,"6,778",32.1%,903,4.3%,122,0.6%,"6,669",31.6%,548,2.6%,"3,948",18.7%,937,4.4%,"9,927",47.1%,49.3%
4,2016-17,13568,941,922,1004,1019,1008,1010,1022,984,970,1003,974,926,900,885,"6,905",50.9%,"6,663",49.1%,"1,035",7.6%,"3,325",24.5%,"8,263",60.9%,134,1.0%,134,1.0%,624,4.6%,53,0.4%,"3,212",23.7%,"1,416",10.4%,"10,833",79.8%,76.0%
4,2017-18,13230,889,831,918,978,1002,990,978,1001,972,962,966,1012,856,875,"6,740",50.9%,"6,487",49.0%,"1,078",8.1%,"3,196",24.2%,"7,985",60.4%,149,1.1%,139,1.1%,615,4.6%,68,0.5%,"3,197",24.2%,"1,378",10.4%,"10,996",83.1%,83.2%
4,2018-19,13038,1080,792,808,857,957,999,976,984,990,966,931,964,897,837,"6,702",51.4%,"6,336",48.6%,"1,116",8.6%,"3,085",23.7%,"7,835",60.1%,176,1.3%,146,1.1%,611,4.7%,69,0.5%,"3,214",24.7%,"1,306",10.0%,"10,611",81.4%,82.5%
4,2019-20,13004,1473,759,781,758,823,884,996,982,960,956,902,927,907,896,"6,707",51.6%,"6,297",48.4%,"1,173",9.0%,"3,059",23.5%,"7,584",58.3%,177,1.4%,140,1.1%,633,4.9%,238,1.8%,"3,121",24.0%,"1,184",9.1%,"10,599",81.5%,84.2%
4,2020-21,12336,1242,711,711,770,734,776,871,977,944,953,918,932,897,900,"6,428",52.1%,"5,908",47.9%,"1,176",9.5%,"2,895",23.5%,"7,156",58.0%,224,1.8%,126,1.0%,630,5.1%,129,1.0%,"2,922",23.7%,"1,190",9.6%,"9,989",81.0%,82.5%
5,2016-17,11966,1113,721,797,810,839,797,760,782,769,780,1096,947,859,896,"5,687",47.5%,"6,279",52.5%,456,3.8%,"5,943",49.7%,"4,755",39.7%,82,0.7%,99,0.8%,528,4.4%,103,0.9%,"2,689",22.5%,"1,055",8.8%,"9,788",81.8%,76.9%
5,2017-18,11632,1033,677,728,753,805,829,785,740,785,782,1054,1000,802,859,"5,491",47.2%,"6,139",52.8%,458,3.9%,"5,708",49.1%,"4,570",39.3%,102,0.9%,104,0.9%,575,4.9%,115,1.0%,"2,757",23.7%,"1,061",9.1%,"9,719",83.6%,84.0%
5,2018-19,11236,1275,606,614,665,730,786,773,713,704,759,1004,967,853,787,"5,335",47.5%,"5,901",52.5%,387,3.4%,"5,482",48.8%,"4,397",39.1%,101,0.9%,103,0.9%,650,5.8%,116,1.0%,"2,774",24.7%,926,8.2%,"9,199",81.9%,83.2%
5,2019-20,10947,1566,590,581,601,654,714,774,650,707,706,1002,829,773,800,"5,198",47.5%,"5,749",52.5%,380,3.5%,"5,213",47.6%,"4,269",39.0%,129,1.2%,103,0.9%,654,6.0%,199,1.8%,"2,679",24.5%,836,7.6%,"8,920",81.5%,83.9%
5,2020-21,9998,1246,489,563,568,575,636,690,665,642,700,901,853,734,736,"4,656",46.6%,"5,342",53.4%,368,3.7%,"4,669",46.7%,"3,937",39.4%,149,1.5%,88,0.9%,634,6.3%,153,1.5%,"2,487",24.9%,791,7.9%,"7,984",79.9%,82.5%
6,2016-17,23639,1800,1755,1865,1914,1856,1928,1724,1551,1697,1832,1713,1572,1188,1244,"11,574",49.0%,"12,065",51.0%,327,1.4%,"1,745",7.4%,"20,180",85.4%,122,0.5%,64,0.3%,"1,156",4.9%,45,0.2%,"4,555",19.3%,"6,565",27.8%,"19,387",82.0%,75.7%
6,2017-18,22701,1727,1552,1730,1763,1865,1788,1700,1530,1583,1745,1694,1391,1197,1436,"11,192",49.3%,"11,508",50.7%,319,1.4%,"1,608",7.1%,"19,316",85.1%,146,0.6%,69,0.3%,"1,200",5.3%,43,0.2%,"4,540",20.0%,"6,317",27.8%,"19,594",86.3%,84.3%
6,2018-19,21924,1715,1484,1551,1634,1713,1845,1601,1512,1580,1627,1618,1516,1133,1395,"10,763",49.1%,"11,161",50.9%,333,1.5%,"1,553",7.1%,"18,547",84.6%,160,0.7%,61,0.3%,"1,230",5.6%,40,0.2%,"4,579",20.9%,"5,887",26.9%,"18,705",85.3%,83.6%
6,2019-20,21698,2551,1403,1473,1484,1585,1689,1639,1432,1534,1608,1480,1428,1232,1160,"10,749",49.5%,"10,949",50.5%,322,1.5%,"1,526",7.0%,"17,912",82.6%,209,1.0%,70,0.3%,"1,276",5.9%,383,1.8%,"4,508",20.8%,"5,191",23.9%,"18,099",83.4%,84.2%
6,2020-21,20670,2451,1309,1341,1400,1430,1526,1522,1388,1424,1531,1627,1308,1126,1287,"10,184",49.3%,"10,486",50.7%,321,1.6%,"1,492",7.2%,"17,000",82.2%,316,1.5%,61,0.3%,"1,316",6.4%,164,0.8%,"4,310",20.9%,"4,977",24.1%,"16,907",81.8%,81.6%
7,2016-17,19877,1341,1183,1336,1347,1251,1252,1221,1240,1150,1245,2003,2049,1573,1686,"9,285",46.7%,"10,592",53.3%,214,1.1%,"5,235",26.3%,"13,969",70.3%,48,0.2%,102,0.5%,280,1.4%,29,0.1%,"4,746",23.9%,"3,323",16.7%,"18,154",91.3%,86.2%
7,2017-18,19875,1779,1186,1209,1295,1290,1245,1241,1073,1217,1149,1963,1979,1616,1633,"9,367",47.1%,"10,508",52.9%,213,1.1%,"5,336",26.8%,"13,817",69.5%,70,0.4%,111,0.6%,295,1.5%,33,0.2%,"4,770",24.0%,"3,295",16.6%,"18,453",92.8%,92.5%
7,2018-19,19359,2115,1029,1114,1172,1218,1291,1208,1118,1075,1228,1731,1877,1542,1641,"9,108",47.0%,"10,251",53.0%,222,1.1%,"5,109",26.4%,"13,462",69.5%,69,0.4%,163,0.8%,302,1.6%,32,0.2%,"4,693",24.2%,"3,063",15.8%,"17,740",91.6%,92.2%
7,2019-20,18778,2332,1021,1037,1095,1103,1200,1242,1036,1116,1063,1822,1697,1573,1441,"8,860",47.2%,"9,918",52.8%,205,1.1%,"4,905",26.1%,"13,014",69.3%,81,0.4%,170,0.9%,293,1.6%,110,0.6%,"4,580",24.4%,"2,731",14.5%,"17,148",91.3%,92.7%
7,2020-21,17533,1865,857,964,994,1060,1051,1156,1064,1035,1078,1738,1821,1513,1337,"8,230",46.9%,"9,303",53.1%,198,1.1%,"4,581",26.1%,"12,140",69.2%,83,0.5%,164,0.9%,272,1.6%,95,0.5%,"4,234",24.1%,"2,679",15.3%,"15,896",90.7%,91.9%
8,2016-17,29349,2066,2042,2252,2289,2190,2218,2230,2161,1911,2082,2191,2101,1712,1904,"14,276",48.6%,"15,073",51.4%,"1,682",5.7%,"6,602",22.5%,"18,827",64.1%,85,0.3%,304,1.0%,"1,792",6.1%,57,0.2%,"6,953",23.7%,"3,823",13.0%,"22,891",78.0%,74.2%
8,2017-18,28728,2077,1981,2063,2183,2210,2142,2208,2112,2160,1942,2035,1946,1794,1875,"13,977",48.7%,"14,751",51.3%,"1,703",5.9%,"6,307",22.0%,"18,504",64.4%,103,0.4%,290,1.0%,"1,766",6.1%,55,0.2%,"6,924",24.1%,"3,907",13.6%,"24,188",84.2%,83.1%
8,2018-19,28039,2066,1867,1943,2024,2099,2201,2141,2085,2103,2160,2039,1956,1580,1775,"13,628",48.6%,"14,411",51.4%,"1,759",6.3%,"5,998",21.4%,"18,142",64.7%,108,0.4%,310,1.1%,"1,663",5.9%,59,0.2%,"6,776",24.2%,"3,795",13.5%,"23,333",83.2%,83.1%
8,2019-20,27411,2777,1802,1848,1887,1972,2075,2157,1978,2063,2102,2080,1722,1550,1398,"13,394",48.9%,"14,017",51.1%,"1,850",6.7%,"5,639",20.6%,"17,673",64.5%,125,0.5%,302,1.1%,"1,603",5.8%,219,0.8%,"6,306",23.0%,"3,556",13.0%,"22,870",83.4%,84.5%
8,2020-21,25731,2373,1601,1759,1773,1811,1908,2045,1981,1914,2045,1723,1855,1534,1409,"12,603",49.0%,"13,128",51.0%,"1,713",6.7%,"5,266",20.5%,"16,661",64.8%,167,0.6%,304,1.2%,"1,549",6.0%,71,0.3%,"5,773",22.4%,"3,491",13.6%,"21,245",82.6%,83.1%
9,2016-17,36433,2614,2792,3034,2927,2856,2865,2820,2714,2625,2743,2384,2292,1901,1866,"17,848",49.0%,"18,585",51.0%,524,1.4%,"10,410",28.6%,"24,772",68.0%,52,0.1%,174,0.5%,436,1.2%,65,0.2%,"7,901",21.7%,"8,477",23.3%,"32,386",88.9%,87.0%
9,2017-18,35271,2521,2638,2733,2826,2785,2772,2718,2707,2659,2654,2425,2208,1839,1786,"17,354",49.2%,"17,917",50.8%,525,1.5%,"9,808",27.8%,"24,187",68.6%,58,0.2%,174,0.5%,463,1.3%,56,0.2%,"7,978",22.6%,"8,132",23.1%,"32,735",92.8%,93.2%
9,2018-19,34180,2634,2395,2600,2612,2678,2614,2628,2544,2670,2683,2292,2157,1861,1812,"16,940",49.6%,"17,240",50.4%,477,1.4%,"9,421",27.6%,"23,486",68.7%,68,0.2%,203,0.6%,474,1.4%,51,0.1%,"7,896",23.1%,"7,648",22.4%,"31,600",92.5%,93.1%
9,2019-20,33198,3566,2189,2278,2413,2435,2536,2501,2449,2497,2589,2269,2067,1766,1643,"16,482",49.6%,"16,716",50.4%,468,1.4%,"8,902",26.8%,"22,773",68.6%,69,0.2%,190,0.6%,451,1.4%,345,1.0%,"7,449",22.4%,"6,823",20.6%,"30,495",91.9%,93.8%
9,2020-21,31124,3212,1761,2077,2149,2280,2332,2409,2216,2402,2448,2119,2156,1816,1747,"15,491",49.8%,"15,633",50.2%,426,1.4%,"8,290",26.6%,"21,467",69.0%,120,0.4%,198,0.6%,423,1.4%,200,0.6%,"6,907",22.2%,"6,558",21.1%,"28,417",91.3%,93.0%
10,2016-17,57844,3860,4256,4379,4584,4413,4367,4289,3764,3696,3775,4828,4225,3719,3689,"28,184",48.7%,"29,660",51.3%,"4,228",7.3%,"9,202",15.9%,"39,943",69.1%,263,0.5%,446,0.8%,"3,406",5.9%,356,0.6%,"11,396",19.7%,"11,890",20.6%,"46,194",79.9%,76.5%
10,2017-18,56752,3743,4110,4230,4191,4335,4278,4201,3936,3825,3796,4595,4267,3617,3628,"27,734",48.9%,"29,015",51.1%,"4,343",7.7%,"8,772",15.5%,"39,322",69.3%,285,0.5%,477,0.8%,"3,461",6.1%,92,0.2%,"11,258",19.8%,"11,853",20.9%,"47,895",84.4%,83.9%
10,2018-19,54925,3699,3693,4038,3995,4004,4167,4052,3842,3849,3747,4313,4075,3778,3673,"26,890",49.0%,"28,035",51.0%,"4,267",7.8%,"8,262",15.0%,"38,231",69.6%,316,0.6%,473,0.9%,"3,269",6.0%,107,0.2%,"11,149",20.3%,"11,328",20.6%,"45,675",83.2%,83.3%
10,2019-20,53811,4364,3503,3681,3919,3916,3936,4018,3718,3824,3819,4220,3920,3558,3415,"26,516",49.3%,"27,295",50.7%,"4,107",7.6%,"8,041",14.9%,"37,263",69.2%,354,0.7%,467,0.9%,"3,212",6.0%,367,0.7%,"10,734",19.9%,"10,537",19.6%,"44,864",83.4%,84.7%
10,2020-21,50700,3419,3141,3407,3478,3723,3748,3761,3666,3541,3740,4103,3921,3616,3436,"24,881",49.1%,"25,819",50.9%,"3,959",7.8%,"7,484",14.8%,"35,213",69.5%,389,0.8%,430,0.8%,"2,995",5.9%,230,0.5%,"10,162",20.0%,"10,187",20.1%,"41,764",82.4%,83.5%
11,2016-17,40826,3231,2852,3269,3344,3363,3391,3213,3049,3017,2999,2690,2493,1944,1971,"19,491",47.7%,"21,333",52.3%,"3,194",7.8%,"16,311",40.0%,"16,997",41.6%,212,0.5%,519,1.3%,"3,519",8.6%,74,0.2%,"8,051",19.7%,"4,384",10.7%,"29,533",72.3%,65.3%
11,2017-18,40504,3140,2853,3076,3234,3301,3306,3416,3022,3083,3092,2725,2369,1931,1956,"19,337",47.7%,"21,166",52.3%,"3,289",8.1%,"15,734",38.8%,"17,067",42.1%,233,0.6%,520,1.3%,"3,582",8.8%,79,0.2%,"8,119",20.0%,"4,670",11.5%,"32,222",79.6%,77.3%
11,2018-19,39666,3020,2848,2992,2944,3130,3295,3222,3189,3037,3105,2670,2316,1918,1980,"18,832",47.5%,"20,834",52.5%,"3,408",8.6%,"15,103",38.1%,"16,830",42.4%,245,0.6%,518,1.3%,"3,477",8.8%,85,0.2%,"8,099",20.4%,"4,666",11.8%,"31,079",78.4%,77.3%
11,2019-20,38538,3173,2610,2931,2853,2869,3108,3202,3016,3170,3094,2653,2211,1904,1744,"18,388",47.7%,"20,150",52.3%,"3,451",9.0%,"14,385",37.3%,"16,412",42.6%,273,0.7%,478,1.2%,"3,446",8.9%,93,0.2%,"7,688",19.9%,"4,316",11.2%,"30,805",79.9%,79.5%
11,2020-21,36222,2553,2360,2520,2788,2743,2774,3001,2888,2935,3167,2421,2301,1951,1820,"17,372",48.0%,"18,850",52.0%,"3,335",9.2%,"13,039",36.0%,"15,745",43.5%,298,0.8%,459,1.3%,"3,264",9.0%,82,0.2%,"7,392",20.4%,"4,316",11.9%,"28,798",79.5%,78.5%
12,2016-17,24354,1434,1760,1945,1952,1936,1855,1821,1686,1618,1703,1752,1862,1544,1486,"11,947",49.1%,"12,407",50.9%,612,2.5%,"6,074",24.9%,"17,002",69.8%,48,0.2%,277,1.1%,315,1.3%,26,0.1%,"5,474",22.5%,"4,754",19.5%,"21,556",88.5%,85.5%
12,2017-18,23401,1418,1617,1751,1889,1873,1891,1841,1609,1705,1645,1508,1691,1508,1455,"11,442",48.9%,"11,959",51.1%,642,2.7%,"5,760",24.6%,"16,314",69.7%,59,0.3%,263,1.1%,341,1.5%,22,0.1%,"5,286",22.6%,"4,670",20.0%,"21,689",92.7%,92.9%
12,2018-19,21955,1303,1566,1614,1695,1845,1815,1763,1552,1566,1665,1459,1449,1320,1343,"10,687",48.7%,"11,268",51.3%,631,2.9%,"5,284",24.1%,"15,354",69.9%,63,0.3%,258,1.2%,339,1.5%,26,0.1%,"5,112",23.3%,"4,472",20.4%,"20,233",92.2%,92.7%
12,2019-20,20980,1480,1493,1511,1574,1634,1778,1758,1505,1528,1571,1381,1464,1210,1093,"10,243",48.8%,"10,737",51.2%,627,3.0%,"4,993",23.8%,"14,613",69.7%,65,0.3%,229,1.1%,303,1.4%,150,0.7%,"4,834",23.0%,"4,142",19.7%,"19,390",92.4%,93.5%
12,2020-21,19245,1046,1248,1473,1437,1522,1569,1692,1414,1454,1501,1162,1386,1211,1130,"9,440",49.1%,"9,805",50.9%,607,3.2%,"4,521",23.5%,"13,434",69.8%,79,0.4%,229,1.2%,285,1.5%,90,0.5%,"4,449",23.1%,"3,945",20.5%,"17,696",92.0%,93.3%
13,2016-17,21878,1257,1132,1132,1196,1144,1168,1052,733,650,707,3143,3049,2666,2849,"10,425",47.7%,"11,452",52.3%,"4,335",19.8%,"9,963",45.5%,"3,602",16.5%,384,1.8%,177,0.8%,"3,233",14.8%,184,0.8%,"3,129",14.3%,967,4.4%,"14,093",64.4%,55.1%
13,2017-18,21658,1261,1131,1126,1076,1123,1082,1098,733,691,622,3051,3152,2762,2750,"10,196",47.1%,"11,460",52.9%,"4,425",20.4%,"9,493",43.8%,"3,582",16.5%,398,1.8%,149,0.7%,"3,495",16.1%,116,0.5%,"3,111",14.4%,940,4.3%,"14,484",66.9%,63.2%
13,2018-19,21772,1311,1158,1155,1089,1024,1101,1026,710,697,688,2974,3079,2881,2879,"10,198",46.8%,"11,573",53.2%,"4,468",20.5%,"9,118",41.9%,"3,700",17.0%,486,2.2%,157,0.7%,"3,718",17.1%,125,0.6%,"3,171",14.6%,905,4.2%,"14,106",64.8%,61.7%
13,2019-20,21437,1410,1068,1147,1115,1048,997,1064,695,678,687,3021,2964,2787,2756,"10,068",47.0%,"11,369",53.0%,"4,493",21.0%,"8,589",40.1%,"3,600",16.8%,522,2.4%,153,0.7%,"3,905",18.2%,175,0.8%,"2,973",13.9%,835,3.9%,"13,486",62.9%,61.5%
13,2020-21,20653,1181,1047,949,1040,1011,969,957,681,660,672,2874,3051,2818,2743,"9,813",47.5%,"10,840",52.5%,"4,343",21.0%,"8,118",39.3%,"3,583",17.3%,559,2.7%,167,0.8%,"3,637",17.6%,246,1.2%,"2,860",13.8%,875,4.2%,"12,761",61.8%,59.7%
14,2016-17,19630,1461,1258,1260,1283,1290,1303,1215,1163,1292,1283,1752,1791,1681,1598,"9,321",47.5%,"10,309",52.5%,910,4.6%,"4,304",21.9%,"11,257",57.3%,185,0.9%,89,0.5%,"2,794",14.2%,91,0.5%,"4,075",20.8%,"2,164",11.0%,"13,342",68.0%,67.5%
14,2017-18,18831,1435,1227,1211,1229,1213,1252,1235,1194,1141,1290,1596,1654,1469,1685,"8,968",47.6%,"9,862",52.4%,949,5.0%,"3,934",20.9%,"10,762",57.2%,184,1.0%,91,0.5%,"2,819",15.0%,92,0.5%,"3,912",20.8%,"2,116",11.2%,"14,016",74.4%,76.3%
14,2018-19,18510,1414,1192,1257,1210,1226,1224,1200,1276,1183,1134,1651,1525,1470,1548,"8,799",47.5%,"9,711",52.5%,985,5.3%,"3,716",20.1%,"10,547",57.0%,191,1.0%,92,0.5%,"2,890",15.6%,89,0.5%,"3,906",21.1%,"2,002",10.8%,"13,448",72.7%,75.0%
14,2019-20,18311,1732,1171,1147,1195,1162,1165,1165,1195,1231,1161,1662,1577,1355,1393,"8,863",48.4%,"9,448",51.6%,"1,028",5.6%,"3,545",19.4%,"10,124",55.3%,258,1.4%,94,0.5%,"3,036",16.6%,226,1.2%,"3,770",20.6%,"1,808",9.9%,"13,259",72.4%,75.6%
14,2020-21,17576,1502,1086,1053,1069,1096,1115,1105,1143,1181,1207,1643,1572,1460,1344,"8,442",48.0%,"9,134",52.0%,"1,050",6.0%,"3,452",19.6%,"9,532",54.2%,327,1.9%,97,0.6%,"2,935",16.7%,183,1.0%,"3,708",21.1%,"1,724",9.8%,"12,592",71.6%,74.1%
15,2016-17,33083,2799,3154,3190,3130,3089,3030,2809,2032,1922,1731,1764,1710,1418,1305,"16,679",50.4%,"16,404",49.6%,"5,377",16.3%,"4,701",14.2%,"12,233",37.0%,805,2.4%,115,0.3%,"9,699",29.3%,153,0.5%,"6,356",19.2%,"5,341",16.1%,"17,581",53.1%,50.8%
15,2017-18,33200,2728,3117,3123,3051,3054,2994,2953,2108,1981,1914,1665,1746,1442,1324,"16,730",50.4%,"16,467",49.6%,"5,358",16.1%,"4,642",14.0%,"12,004",36.2%,916,2.8%,137,0.4%,"9,995",30.1%,148,0.4%,"6,539",19.7%,"5,026",15.1%,"19,223",57.9%,58.7%
15,2018-19,33220,2694,3040,3060,3016,2916,2952,2872,2362,2047,1967,1717,1837,1378,1362,"16,794",50.6%,"16,426",49.4%,"5,404",16.3%,"4,520",13.6%,"11,834",35.6%,996,3.0%,134,0.4%,"10,195",30.7%,137,0.4%,"6,689",20.1%,"4,598",13.8%,"18,794",56.6%,57.4%
15,2019-20,33140,3046,2921,2962,2926,2896,2811,2866,2193,2274,2017,1670,1799,1466,1293,"16,620",50.2%,"16,520",49.8%,"5,495",16.6%,"4,231",12.8%,"11,589",35.0%,"1,117",3.4%,145,0.4%,"10,260",31.0%,303,0.9%,"6,812",20.6%,"4,272",12.9%,"18,391",55.5%,57.8%
15,2020-21,31261,2496,2594,2687,2676,2699,2710,2633,2104,2085,2217,1519,1809,1565,1467,"15,653",50.1%,"15,608",49.9%,"5,281",16.9%,"4,028",12.9%,"11,115",35.6%,"1,183",3.8%,148,0.5%,"9,250",29.6%,256,0.8%,"6,527",20.9%,"4,380",14.0%,"17,432",55.8%,57.2%
16,2016-17,7209,747,506,511,574,553,558,520,360,372,364,496,453,527,668,"3,407",47.3%,"3,802",52.7%,137,1.9%,"5,395",74.8%,"1,372",19.0%,43,0.6%,78,1.1%,170,2.4%,14,0.2%,"1,826",25.3%,335,4.6%,"5,858",81.3%,79.4%
16,2017-18,6839,689,524,478,496,583,509,507,307,320,362,503,479,461,621,"3,219",47.1%,"3,620",52.9%,148,2.2%,"5,068",74.1%,"1,320",19.3%,35,0.5%,69,1.0%,178,2.6%,21,0.3%,"1,801",26.3%,329,4.8%,"5,881",86.0%,86.5%
16,2018-19,6745,957,456,477,480,509,568,476,308,308,320,372,408,424,682,"3,222",47.8%,"3,523",52.2%,146,2.2%,"4,928",73.1%,"1,318",19.5%,53,0.8%,76,1.1%,208,3.1%,16,0.2%,"1,713",25.4%,311,4.6%,"5,655",83.8%,84.6%
16,2019-20,6656,1187,456,453,465,453,481,554,276,317,306,455,389,336,528,"3,170",47.6%,"3,486",52.4%,142,2.1%,"4,748",71.3%,"1,320",19.8%,62,0.9%,68,1.0%,256,3.8%,60,0.9%,"1,625",24.4%,323,4.9%,"5,431",81.6%,84.4%
16,2020-21,6302,1029,446,434,431,455,432,470,348,287,307,388,411,442,422,"3,018",47.9%,"3,284",52.1%,146,2.3%,"4,434",70.4%,"1,270",20.2%,72,1.1%,62,1.0%,268,4.3%,50,0.8%,"1,477",23.4%,324,5.1%,"5,146",81.7%,81.1%
17,2016-17,23764,2163,1421,1386,1535,1495,1503,1478,1585,1520,1793,2004,2085,1854,1942,"11,747",49.4%,"12,017",50.6%,684,2.9%,"18,087",76.1%,"3,592",15.1%,119,0.5%,291,1.2%,890,3.7%,101,0.4%,"4,263",17.9%,"2,458",10.3%,"18,589",78.2%,67.7%
17,2017-18,22534,1919,1351,1377,1328,1453,1415,1414,1499,1561,1508,1960,1989,1821,1939,"11,261",50.0%,"11,272",50.0%,666,3.0%,"16,882",74.9%,"3,526",15.6%,139,0.6%,304,1.3%,917,4.1%,100,0.4%,"4,150",18.4%,"2,475",11.0%,"18,635",82.7%,77.9%
17,2018-19,21984,1944,1174,1295,1297,1346,1433,1381,1565,1496,1564,1884,1937,1753,1915,"11,034",50.2%,"10,950",49.8%,658,3.0%,"16,343",74.3%,"3,512",16.0%,167,0.8%,289,1.3%,914,4.2%,101,0.5%,"4,092",18.6%,"2,277",10.4%,"17,600",80.1%,76.9%
17,2019-20,21544,2303,1163,1114,1220,1227,1266,1317,1519,1546,1480,1951,1918,1714,1806,"10,883",50.5%,"10,661",49.5%,646,3.0%,"15,764",73.2%,"3,398",15.8%,172,0.8%,296,1.4%,"1,037",4.8%,231,1.1%,"3,946",18.3%,"2,007",9.3%,"17,108",79.4%,78.4%
17,2020-21,20533,1862,1028,1128,1034,1201,1178,1231,1388,1474,1533,2032,1859,1768,1817,"10,400",50.7%,"10,133",49.3%,625,3.0%,"14,702",71.6%,"3,461",16.9%,236,1.1%,273,1.3%,"1,027",5.0%,209,1.0%,"3,867",18.8%,"1,962",9.6%,"16,195",78.9%,76.3%
18,2016-17,16508,1464,1045,1120,1183,1165,1331,1178,1112,1058,1175,1171,1265,1066,1175,"8,058",48.8%,"8,450",51.2%,236,1.4%,"14,284",86.5%,"1,176",7.1%,76,0.5%,182,1.1%,501,3.0%,53,0.3%,"3,030",18.4%,980,5.9%,"12,508",75.8%,59.4%
18,2017-18,15707,1404,975,1047,1074,1160,1155,1236,1086,1113,1062,1120,1147,994,1134,"7,585",48.3%,"8,122",51.7%,271,1.7%,"13,406",85.4%,"1,176",7.5%,80,0.5%,208,1.3%,531,3.4%,35,0.2%,"3,079",19.6%,"1,107",7.0%,"12,397",78.9%,72.1%
18,2018-19,15006,1320,883,955,1046,1083,1141,1102,1094,1088,1104,1013,1092,980,1105,"7,207",48.0%,"7,799",52.0%,286,1.9%,"12,673",84.5%,"1,183",7.9%,78,0.5%,179,1.2%,565,3.8%,42,0.3%,"3,009",20.1%,"1,116",7.4%,"11,623",77.5%,72.0%
18,2019-20,13951,1493,786,825,912,984,1058,1065,952,1099,1066,914,908,902,987,"6,653",47.7%,"7,298",52.3%,307,2.2%,"11,685",83.8%,"1,144",8.2%,84,0.6%,117,0.8%,560,4.0%,54,0.4%,"2,785",20.0%,952,6.8%,"10,811",77.5%,74.9%
18,2020-21,12602,1118,772,764,786,880,931,1013,942,940,1057,863,893,770,873,"6,037",47.9%,"6,565",52.1%,286,2.3%,"10,372",82.3%,"1,155",9.2%,95,0.8%,113,0.9%,525,4.2%,56,0.4%,"2,556",20.3%,902,7.2%,"9,659",76.6%,72.9%
19,2016-17,23428,1988,1721,1836,1792,1838,1892,1812,1690,1585,1676,1547,1451,1198,1402,"11,170",47.7%,"12,258",52.3%,"1,786",7.6%,"10,728",45.8%,"10,036",42.8%,69,0.3%,326,1.4%,434,1.9%,49,0.2%,"4,868",20.8%,"2,962",12.6%,"19,669",84.0%,77.8%
19,2017-18,22742,1823,1670,1677,1750,1706,1835,1804,1655,1684,1574,1466,1462,1305,1331,"10,966",48.2%,"11,776",51.8%,"1,800",7.9%,"10,012",44.0%,"10,011",44.0%,70,0.3%,349,1.5%,450,2.0%,50,0.2%,"4,857",21.4%,"3,027",13.3%,"20,188",88.8%,87.2%
19,2018-19,22174,1832,1481,1596,1616,1679,1670,1738,1621,1687,1697,1597,1440,1171,1349,"10,586",47.7%,"11,588",52.3%,"1,757",7.9%,"9,490",42.8%,"9,985",45.0%,81,0.4%,332,1.5%,470,2.1%,59,0.3%,"4,809",21.7%,"3,036",13.7%,"19,591",88.4%,86.7%
19,2019-20,22173,2826,1421,1452,1534,1558,1623,1612,1593,1621,1649,1584,1454,1194,1052,"10,622",47.9%,"11,551",52.1%,"1,844",8.3%,"9,253",41.7%,"9,885",44.6%,91,0.4%,331,1.5%,473,2.1%,296,1.3%,"4,576",20.6%,"2,799",12.6%,"19,452",87.7%,87.9%
19,2020-21,20872,2330,1230,1358,1379,1432,1485,1545,1424,1563,1587,1641,1511,1233,1154,"9,896",47.4%,"10,976",52.6%,"1,786",8.6%,"8,544",40.9%,"9,418",45.1%,174,0.8%,323,1.5%,440,2.1%,187,0.9%,"4,361",20.9%,"2,698",12.9%,"18,181",87.1%,86.4%
20,2016-17,54379,4251,4251,4091,4330,4095,4167,4102,3996,3932,3915,3645,3775,2827,3002,"26,126",48.0%,"28,253",52.0%,"23,532",43.3%,"1,640",3.0%,"14,115",26.0%,248,0.5%,157,0.3%,"14,503",26.7%,184,0.3%,"8,099",14.9%,"13,035",24.0%,"38,214",70.3%,62.5%
20,2017-18,54156,4119,4352,4214,4001,4221,4008,4091,4123,3998,3994,3648,3579,2711,3097,"26,078",48.2%,"28,075",51.8%,"23,563",43.5%,"1,536",2.8%,"14,151",26.1%,276,0.5%,170,0.3%,"14,301",26.4%,159,0.3%,"8,340",15.4%,"12,740",23.5%,"42,279",78.1%,76.6%
20,2018-19,53980,4238,3884,4354,4085,3949,4167,3979,4148,4120,4046,3764,3594,2660,2992,"25,901",48.0%,"28,079",52.0%,"23,562",43.6%,"1,388",2.6%,"14,307",26.5%,317,0.6%,173,0.3%,"14,065",26.1%,168,0.3%,"8,647",16.0%,"11,909",22.1%,"41,643",77.1%,76.1%
20,2019-20,54077,4531,3920,3861,4276,4050,3948,4150,4018,4162,4173,3849,3640,2769,2730,"26,009",48.1%,"28,068",51.9%,"23,665",43.8%,"1,300",2.4%,"14,511",26.8%,362,0.7%,189,0.3%,"13,870",25.6%,180,0.3%,"8,615",15.9%,"11,029",20.4%,"41,532",76.8%,77.3%
20,2020-21,52641,4184,3719,3800,3683,4101,3948,3860,4061,3982,4119,3772,3640,2963,2809,"25,365",48.2%,"27,276",51.8%,"23,201",44.1%,"1,258",2.4%,"14,064",26.7%,424,0.8%,197,0.4%,"13,295",25.3%,202,0.4%,"8,502",16.2%,"11,853",22.5%,"39,766",75.5%,74.6%
21,2016-17,37345,3023,2193,2237,2270,2240,2294,2043,3091,2954,2903,3492,3260,2777,2568,"18,194",48.7%,"19,151",51.3%,"9,242",24.7%,"5,663",15.2%,"9,346",25.0%,176,0.5%,197,0.5%,"12,444",33.3%,277,0.7%,"6,785",18.2%,"6,283",16.8%,"25,175",67.4%,61.4%
21,2017-18,37423,2980,2278,2187,2212,2287,2241,2223,3113,3053,2990,3347,3281,2520,2711,"18,120",48.4%,"19,297",51.6%,"9,515",25.4%,"5,391",14.4%,"9,270",24.8%,203,0.5%,203,0.5%,"12,535",33.5%,306,0.8%,"6,824",18.2%,"6,352",17.0%,"27,990",74.8%,73.5%
21,2018-19,37136,2979,2131,2275,2161,2179,2269,2237,3214,3105,3082,3296,3085,2544,2579,"17,996",48.5%,"19,140",51.5%,"9,489",25.6%,"5,094",13.7%,"9,197",24.8%,238,0.6%,216,0.6%,"12,603",33.9%,299,0.8%,"6,952",18.7%,"6,454",17.4%,"27,062",72.9%,73.2%
21,2019-20,37073,3145,2208,2150,2193,2173,2177,2258,3240,3229,3115,3423,2977,2409,2376,"18,108",48.8%,"18,965",51.2%,"9,546",25.7%,"4,794",12.9%,"9,249",24.9%,282,0.8%,233,0.6%,"12,582",33.9%,387,1.0%,"6,806",18.4%,"6,296",17.0%,"27,251",73.5%,74.9%
21,2020-21,36039,2746,1924,2086,2043,2070,2094,2082,3304,3157,3172,3261,3238,2436,2426,"17,598",48.8%,"18,441",51.2%,"9,386",26.0%,"4,548",12.6%,"9,056",25.1%,301,0.8%,281,0.8%,"12,059",33.5%,408,1.1%,"6,505",18.0%,"6,796",18.9%,"25,756",71.5%,73.1%
22,2016-17,35679,2809,2662,2804,2871,2777,2931,2782,2088,2096,2134,2710,2727,2137,2151,"17,580",49.3%,"18,098",50.7%,"6,950",19.5%,"11,367",31.9%,"5,422",15.2%,307,0.9%,245,0.7%,"11,259",31.6%,129,0.4%,"5,895",16.5%,"3,966",11.1%,"24,024",67.3%,52.5%
22,2017-18,35692,2788,2663,2688,2779,2824,2802,2869,2065,2130,2104,2815,2737,2293,2135,"17,598",49.3%,"18,091",50.7%,"7,171",20.1%,"10,851",30.4%,"5,518",15.5%,341,1.0%,253,0.7%,"11,415",32.0%,143,0.4%,"6,031",16.9%,"4,237",11.9%,"25,642",71.8%,64.9%
22,2018-19,35570,2858,2528,2691,2620,2726,2797,2793,2057,2076,2130,2867,2827,2279,2321,"17,629",49.6%,"17,941",50.4%,"7,386",20.8%,"10,294",28.9%,"5,482",15.4%,409,1.1%,280,0.8%,"11,554",32.5%,165,0.5%,"6,070",17.1%,"4,131",11.6%,"25,020",70.3%,64.4%
22,2019-20,34997,3068,2526,2554,2623,2569,2636,2759,2008,2026,2054,2617,2832,2382,2343,"17,322",49.5%,"17,675",50.5%,"7,418",21.2%,"9,621",27.5%,"5,472",15.6%,432,1.2%,275,0.8%,"11,632",33.2%,147,0.4%,"6,099",17.4%,"3,980",11.4%,"24,374",69.6%,66.0%
22,2020-21,33431,2697,2264,2398,2409,2500,2464,2550,1960,1983,1986,2629,2706,2490,2395,"16,477",49.3%,"16,954",50.7%,"7,353",22.0%,"8,942",26.7%,"5,157",15.4%,445,1.3%,294,0.9%,"11,031",33.0%,209,0.6%,"5,836",17.5%,"4,148",12.4%,"22,918",68.6%,63.4%
23,2016-17,9667,815,675,767,792,753,758,690,894,906,857,383,465,432,480,"4,480",46.3%,"5,187",53.7%,111,1.1%,"7,228",74.8%,"2,043",21.1%,36,0.4%,110,1.1%,121,1.3%,18,0.2%,"2,384",24.7%,444,4.6%,"8,677",89.8%,82.0%
23,2017-18,9539,1047,632,683,714,766,727,694,863,878,883,352,436,394,470,"4,394",46.1%,"5,145",53.9%,108,1.1%,"7,111",74.5%,"2,032",21.3%,43,0.5%,98,1.0%,129,1.4%,18,0.2%,"2,449",25.7%,447,4.7%,"8,684",91.0%,89.3%
23,2018-19,9290,1385,608,632,671,700,716,649,846,860,839,371,345,326,342,"4,306",46.4%,"4,984",53.6%,122,1.3%,"6,899",74.3%,"1,968",21.2%,50,0.5%,109,1.2%,126,1.4%,16,0.2%,"2,367",25.5%,444,4.8%,"8,345",89.8%,88.5%
23,2019-20,9199,1655,597,589,620,622,668,653,764,841,837,366,327,308,352,"4,141",45.0%,"5,058",55.0%,121,1.3%,"6,698",72.8%,"1,976",21.5%,56,0.6%,101,1.1%,133,1.4%,114,1.2%,"2,234",24.3%,430,4.7%,"8,115",88.2%,89.3%
23,2020-21,8309,1097,567,562,561,607,599,641,705,749,818,388,343,351,321,"3,767",45.3%,"4,542",54.7%,117,1.4%,"5,969",71.8%,"1,834",22.1%,110,1.3%,91,1.1%,129,1.6%,59,0.7%,"1,993",24.0%,413,5.0%,"7,253",87.3%,88.7%
24,2016-17,61268,4009,4914,5124,5047,5157,5083,4803,4344,4356,4258,3935,3683,3152,3403,"28,976",47.3%,"32,292",52.7%,"12,309",20.1%,"1,642",2.7%,"38,110",62.2%,197,0.3%,256,0.4%,"8,522",13.9%,232,0.4%,"9,941",16.2%,"13,737",22.4%,"42,405",69.2%,57.3%
24,2017-18,60732,3980,4774,4852,4904,4947,5084,4768,4314,4446,4362,4090,3542,3173,3496,"28,782",47.4%,"31,948",52.6%,"12,254",20.2%,"1,574",2.6%,"37,797",62.2%,234,0.4%,314,0.5%,"8,295",13.7%,264,0.4%,"10,195",16.8%,"13,223",21.8%,"47,586",78.4%,73.3%
24,2018-19,59578,4035,4520,4612,4704,4797,4897,4830,4220,4439,4419,3909,3730,2962,3504,"28,230",47.4%,"31,348",52.6%,"11,824",19.8%,"1,514",2.5%,"37,413",62.8%,251,0.4%,325,0.5%,"7,966",13.4%,285,0.5%,"10,217",17.1%,"12,795",21.5%,"45,397",76.2%,72.5%
24,2019-20,58313,4239,4348,4475,4516,4604,4754,4557,4250,4369,4475,3863,3582,3148,3133,"27,789",47.7%,"30,524",52.3%,"11,495",19.7%,"1,444",2.5%,"36,724",63.0%,246,0.4%,332,0.6%,"7,694",13.2%,378,0.6%,"10,025",17.2%,"12,291",21.1%,"44,650",76.6%,74.0%
24,2020-21,55158,3531,4082,4074,4267,4336,4417,4356,4009,4278,4311,3575,3552,3046,3324,"26,309",47.7%,"28,849",52.3%,"10,921",19.8%,"1,371",2.5%,"34,902",63.3%,279,0.5%,322,0.6%,"7,063",12.8%,300,0.5%,"9,495",17.2%,"12,847",23.3%,"41,793",75.8%,72.5%
25,2016-17,39383,3165,3021,2851,2956,2907,3042,2759,2815,2731,2606,3064,2811,2406,2249,"19,336",49.1%,"20,047",50.9%,"19,275",48.9%,"3,049",7.7%,"11,216",28.5%,295,0.7%,210,0.5%,"5,186",13.2%,152,0.4%,"5,587",14.2%,"7,335",18.6%,"26,005",66.0%,45.0%
25,2017-18,39585,3098,3036,3015,2790,2906,2879,3005,2826,2796,2761,2960,2705,2490,2318,"19,398",49.0%,"20,187",51.0%,"19,490",49.2%,"2,968",7.5%,"11,434",28.9%,341,0.9%,222,0.6%,"4,969",12.6%,161,0.4%,"5,667",14.3%,"7,399",18.7%,"28,202",71.2%,63.6%
25,2018-19,39037,3080,2847,2989,2921,2769,2820,2839,2959,2798,2786,2954,2569,2348,2358,"19,090",48.9%,"19,947",51.1%,"19,256",49.3%,"2,750",7.0%,"11,451",29.3%,362,0.9%,244,0.6%,"4,771",12.2%,203,0.5%,"5,701",14.6%,"7,036",18.0%,"26,941",69.0%,63.0%
25,2019-20,38687,3052,2858,2845,2975,2873,2713,2801,2872,2952,2827,2819,2703,2304,2093,"18,946",49.0%,"19,741",51.0%,"19,036",49.2%,"2,525",6.5%,"11,738",30.3%,376,1.0%,225,0.6%,"4,557",11.8%,230,0.6%,"5,729",14.8%,"6,825",17.6%,"27,012",69.8%,65.4%
25,2020-21,37515,2907,2683,2755,2751,2851,2789,2625,2780,2810,2887,2465,2658,2434,2120,"18,279",48.7%,"19,236",51.3%,"18,682",49.8%,"2,329",6.2%,"11,404",30.4%,419,1.1%,231,0.6%,"4,209",11.2%,241,0.6%,"5,567",14.8%,"7,201",19.2%,"25,917",69.1%,63.6%
26,2016-17,32963,1799,1747,1858,1857,1877,2015,1853,1912,2031,1951,4131,3618,3445,2869,"16,045",48.7%,"16,918",51.3%,"17,318",52.5%,"3,727",11.3%,"5,559",16.9%,370,1.1%,232,0.7%,"5,596",17.0%,161,0.5%,"4,594",13.9%,"2,432",7.4%,"18,229",55.3%,30.5%
26,2017-18,32891,1745,1874,1745,1861,1862,1869,2026,1965,1924,2071,4034,3503,3347,3065,"15,967",48.5%,"16,920",51.4%,"17,392",52.9%,"3,706",11.3%,"5,651",17.2%,408,1.2%,265,0.8%,"5,382",16.4%,87,0.3%,"4,794",14.6%,"2,518",7.7%,"19,520",59.3%,46.5%
26,2018-19,32678,1746,1812,1900,1784,1851,1887,1902,2167,1994,1933,4160,3314,3119,3109,"15,921",48.7%,"16,757",51.3%,"17,289",52.9%,"3,748",11.5%,"5,649",17.3%,455,1.4%,263,0.8%,"5,162",15.8%,112,0.3%,"4,800",14.7%,"2,633",8.1%,"18,759",57.4%,46.8%
26,2019-20,32524,1777,1788,1813,1901,1764,1834,1885,2067,2185,2030,4067,3433,3046,2934,"15,853",48.7%,"16,671",51.3%,"17,329",53.3%,"3,607",11.1%,"5,607",17.2%,482,1.5%,371,1.1%,"5,028",15.5%,100,0.3%,"4,785",14.7%,"2,566",7.9%,"18,955",58.3%,49.7%
26,2020-21,31661,1694,1670,1695,1736,1833,1722,1795,1927,1997,2167,3898,3414,3164,2949,"15,492",48.9%,"16,169",51.1%,"17,039",53.8%,"3,434",10.8%,"5,603",17.7%,481,1.5%,355,1.1%,"4,600",14.5%,149,0.5%,"4,598",14.5%,"2,928",9.2%,"17,874",56.5%,48.2%
27,2016-17,45691,3029,3460,3494,3672,3681,3740,3579,3590,3631,3708,2974,2581,2458,2094,"21,884",47.9%,"23,807",52.1%,"10,418",22.8%,"10,634",23.3%,"17,561",38.4%,296,0.6%,"1,854",4.1%,"4,744",10.4%,184,0.4%,"7,993",17.5%,"4,867",10.7%,"33,911",74.2%,55.2%
27,2017-18,44879,2994,3314,3401,3403,3575,3534,3701,3542,3602,3636,3157,2632,2228,2160,"21,556",48.0%,"23,323",52.0%,"10,230",22.8%,"10,085",22.5%,"17,445",38.9%,321,0.7%,"1,913",4.3%,"4,689",10.4%,196,0.4%,"7,982",17.8%,"5,000",11.1%,"35,051",78.1%,70.0%
27,2018-19,45146,3811,3223,3247,3299,3298,3527,3536,3700,3560,3586,3196,2719,2448,1996,"21,532",47.7%,"23,614",52.3%,"10,200",22.6%,"9,947",22.0%,"17,765",39.4%,354,0.8%,"1,995",4.4%,"4,706",10.4%,179,0.4%,"8,183",18.1%,"4,825",10.7%,"34,029",75.4%,68.8%
27,2019-20,45820,5118,3060,3170,3169,3237,3250,3541,3488,3733,3552,3238,2708,2288,2268,"21,855",47.7%,"23,965",52.3%,"10,302",22.5%,"9,808",21.4%,"18,265",39.9%,395,0.9%,"2,043",4.5%,"4,710",10.3%,297,0.6%,"8,111",17.7%,"4,595",10.0%,"34,536",75.4%,71.0%
27,2020-21,43662,4576,2787,2986,3023,3040,3142,3173,3408,3451,3662,2853,2791,2381,2389,"20,811",47.7%,"22,851",52.3%,"9,729",22.3%,"9,159",21.0%,"17,571",40.2%,472,1.1%,"1,970",4.5%,"4,526",10.4%,235,0.5%,"7,713",17.7%,"4,552",10.4%,"32,446",74.3%,69.1%
28,2016-17,42865,3229,2823,2937,2829,2877,2817,2653,2566,2447,2474,4045,4041,3702,3425,"21,126",49.3%,"21,739",50.7%,"12,446",29.0%,"9,580",22.3%,"11,678",27.2%,592,1.4%,"1,404",3.3%,"6,929",16.2%,236,0.6%,"6,505",15.2%,"4,251",9.9%,"28,049",65.4%,46.8%
28,2017-18,42671,3298,2751,2827,2820,2784,2845,2748,2588,2533,2474,3996,3884,3624,3499,"21,111",49.5%,"21,556",50.5%,"12,503",29.3%,"9,100",21.3%,"11,666",27.3%,655,1.5%,"1,519",3.6%,"6,972",16.3%,256,0.6%,"6,538",15.3%,"4,450",10.4%,"30,065",70.5%,61.5%
28,2018-19,42379,3253,2763,2715,2731,2775,2715,2785,2642,2526,2519,4074,3907,3427,3547,"20,937",49.4%,"21,442",50.6%,"12,674",29.9%,"8,474",20.0%,"11,745",27.7%,737,1.7%,"1,509",3.6%,"6,953",16.4%,287,0.7%,"6,592",15.6%,"4,551",10.7%,"29,418",69.4%,61.2%
28,2019-20,42006,3625,2752,2707,2653,2637,2695,2592,2603,2589,2534,3985,3791,3525,3318,"20,740",49.4%,"21,266",50.6%,"12,480",29.7%,"7,948",18.9%,"11,959",28.5%,803,1.9%,"1,547",3.7%,"6,832",16.3%,437,1.0%,"6,460",15.4%,"4,337",10.3%,"28,657",68.2%,63.3%
28,2020-21,40681,3259,2529,2655,2530,2511,2518,2547,2484,2546,2572,3881,3743,3533,3373,"20,299",49.9%,"20,382",50.1%,"12,528",30.8%,"7,444",18.3%,"11,559",28.4%,827,2.0%,"1,488",3.7%,"6,454",15.9%,381,0.9%,"6,137",15.1%,"4,436",10.9%,"26,769",65.8%,61.4%
29,2016-17,28174,2334,2275,2391,2232,2375,2661,2517,2276,2282,2314,1108,1207,1173,1029,"13,678",48.5%,"14,496",51.5%,"4,419",15.7%,"17,770",63.1%,"4,300",15.3%,197,0.7%,853,3.0%,524,1.9%,111,0.4%,"4,520",16.0%,"2,274",8.1%,"20,302",72.1%,48.8%
29,2017-18,27663,2343,2206,2283,2375,2231,2374,2613,2303,2206,2268,1073,1135,1076,1177,"13,395",48.4%,"14,268",51.6%,"4,446",16.1%,"17,027",61.6%,"4,366",15.8%,233,0.8%,986,3.6%,508,1.8%,97,0.4%,"4,472",16.2%,"2,300",8.3%,"20,856",75.4%,63.4%
29,2018-19,26894,2215,2125,2230,2228,2310,2291,2392,2338,2278,2227,1069,1070,1055,1066,"12,950",48.2%,"13,944",51.8%,"4,411",16.4%,"16,332",60.7%,"4,361",16.2%,232,0.9%,"1,013",3.8%,480,1.8%,65,0.2%,"4,486",16.7%,"2,320",8.6%,"19,692",73.2%,62.8%
29,2019-20,26140,2320,2038,2128,2170,2165,2290,2245,2207,2309,2264,1165,987,917,935,"12,591",48.2%,"13,549",51.8%,"4,370",16.7%,"15,437",59.1%,"4,467",17.1%,258,1.0%,"1,025",3.9%,467,1.8%,116,0.4%,"4,344",16.6%,"2,311",8.8%,"19,225",73.5%,65.8%
29,2020-21,24612,1958,1801,1983,2045,2080,2104,2240,2110,2172,2251,1041,1033,888,906,"11,810",48.0%,"12,802",52.0%,"4,265",17.3%,"14,046",57.1%,"4,388",17.8%,302,1.2%,"1,010",4.1%,483,2.0%,118,0.5%,"4,042",16.4%,"2,372",9.6%,"17,625",71.6%,64.5%
30,2016-17,41440,3203,3052,3140,3109,3021,3173,3022,3441,3095,3325,3018,2652,2077,2112,"20,444",49.3%,"20,996",50.7%,"9,076",21.9%,"2,751",6.6%,"22,051",53.2%,437,1.1%,278,0.7%,"6,692",16.1%,155,0.4%,"5,970",14.4%,"7,141",17.2%,"27,524",66.4%,55.6%
30,2017-18,41144,3230,2930,2989,3038,2993,2945,3141,3340,3237,3111,3029,2829,2191,2141,"20,309",49.4%,"20,835",50.6%,"8,859",21.5%,"2,674",6.5%,"21,888",53.2%,497,1.2%,313,0.8%,"6,784",16.5%,129,0.3%,"6,075",14.8%,"7,044",17.1%,"30,023",73.0%,70.3%
30,2018-19,40730,3219,2898,2885,2897,2947,2952,2967,3439,3162,3242,2894,2662,2329,2237,"20,135",49.4%,"20,595",50.6%,"8,769",21.5%,"2,622",6.4%,"21,494",52.8%,582,1.4%,308,0.8%,"6,821",16.7%,134,0.3%,"6,148",15.1%,"6,565",16.1%,"28,693",70.4%,69.0%
30,2019-20,39837,3213,2912,2814,2781,2796,2860,2923,3272,3199,3120,2770,2500,2336,2341,"19,753",49.6%,"20,084",50.4%,"8,371",21.0%,"2,454",6.2%,"21,055",52.9%,637,1.6%,262,0.7%,"6,851",17.2%,207,0.5%,"6,076",15.3%,"6,094",15.3%,"27,921",70.1%,69.4%
30,2020-21,37978,2919,2550,2683,2635,2627,2662,2830,3061,3063,3163,2832,2555,2183,2215,"18,890",49.7%,"19,088",50.3%,"8,020",21.1%,"2,356",6.2%,"19,852",52.3%,676,1.8%,259,0.7%,"6,600",17.4%,215,0.6%,"5,778",15.2%,"6,430",16.9%,"26,691",70.3%,67.7%
31,2016-17,62910,4097,4520,4675,4662,4693,4687,4598,4217,4202,4379,5153,4766,4280,3981,"30,618",48.7%,"32,292",51.3%,"5,728",9.1%,"8,179",13.0%,"17,693",28.1%,841,1.3%,282,0.4%,"29,967",47.6%,220,0.3%,"14,839",23.6%,"3,579",5.7%,"34,627",55.0%,42.5%
31,2017-18,62537,3948,4412,4610,4662,4612,4669,4645,4359,4229,4198,4941,4929,4218,4105,"30,610",48.9%,"31,921",51.0%,"6,232",10.0%,"7,975",12.8%,"17,771",28.4%,889,1.4%,298,0.5%,"29,163",46.6%,209,0.3%,"15,090",24.1%,"3,838",6.1%,"36,156",57.8%,51.9%
31,2018-19,62265,4090,4264,4518,4564,4560,4555,4624,4371,4371,4197,4724,4619,4588,4220,"30,549",49.1%,"31,716",50.9%,"6,899",11.1%,"7,735",12.4%,"17,880",28.7%,956,1.5%,292,0.5%,"28,180",45.3%,323,0.5%,"15,258",24.5%,"3,919",6.3%,"35,997",57.8%,52.2%
31,2019-20,64054,6224,4286,4245,4484,4527,4590,4492,4369,4408,4363,4846,4644,4476,4100,"31,315",48.9%,"32,739",51.1%,"7,823",12.2%,"7,664",12.0%,"18,544",29.0%,"1,086",1.7%,302,0.5%,"28,433",44.4%,202,0.3%,"15,478",24.2%,"3,939",6.1%,"36,593",57.1%,54.2%
31,2020-21,63051,6096,4033,4230,4156,4413,4485,4499,4295,4339,4427,4763,4652,4545,4118,"30,819",48.9%,"32,232",51.1%,"8,213",13.0%,"7,524",11.9%,"18,320",29.1%,"1,116",1.8%,300,0.5%,"27,274",43.3%,304,0.5%,"14,980",23.8%,"4,363",6.9%,"35,631",56.5%,52.8%
32,2016-17,12331,1222,755,885,921,959,942,976,1117,1086,1062,623,781,539,463,"6,050",49.1%,"6,281",50.9%,243,2.0%,"2,073",16.8%,"9,688",78.6%,11,0.1%,54,0.4%,248,2.0%,14,0.1%,"2,467",20.0%,"2,343",19.0%,"10,457",84.8%,79.1%
32,2017-18,11537,1012,687,758,856,853,907,930,1004,1078,1053,581,625,582,611,"5,616",48.7%,"5,921",51.3%,248,2.1%,"1,948",16.9%,"9,000",78.0%,14,0.1%,51,0.4%,254,2.2%,22,0.2%,"2,405",20.8%,"2,241",19.4%,"10,426",90.4%,88.5%
32,2018-19,11029,1082,639,678,700,814,818,905,1040,991,1054,588,600,561,559,"5,357",48.6%,"5,672",51.4%,243,2.2%,"1,837",16.7%,"8,600",78.0%,19,0.2%,51,0.5%,259,2.3%,20,0.2%,"2,343",21.2%,"2,038",18.5%,"9,818",89.0%,87.2%
32,2019-20,11807,1918,648,668,690,688,799,869,993,1037,1017,691,655,590,544,"5,786",49.0%,"6,021",51.0%,248,2.1%,"1,759",14.9%,"9,105",77.1%,20,0.2%,54,0.5%,315,2.7%,306,2.6%,"2,264",19.2%,"2,272",19.2%,"10,094",85.5%,88.1%
32,2020-21,11204,1745,538,651,656,674,679,789,956,961,1019,669,676,625,566,"5,427",48.4%,"5,777",51.6%,245,2.2%,"1,766",15.8%,"8,602",76.8%,91,0.8%,54,0.5%,307,2.7%,139,1.2%,"2,147",19.2%,"2,253",20.1%,"9,338",83.3%,86.5%
75,2016-17,24604,334,1294,1737,1792,1948,1852,1702,1611,1556,1524,2080,1783,1517,3874,"6,655",27.0%,"17,949",73.0%,"1,819",7.4%,"9,076",36.9%,"9,872",40.1%,162,0.7%,361,1.5%,"3,308",13.4%,6,0.0%,"24,092",97.9%,"5,335",21.7%,"15,999",65.0%,70.9%
75,2017-18,24864,325,1455,1638,1831,1838,1951,1866,1588,1636,1559,1987,1776,1544,3870,"6,643",26.7%,"18,221",73.3%,"1,971",7.9%,"9,014",36.3%,"9,953",40.0%,180,0.7%,425,1.7%,"3,316",13.3%,5,0.0%,"24,470",98.4%,"5,540",22.3%,"21,643",87.0%,89.1%
75,2018-19,25479,388,1540,1794,1737,1890,1866,1969,1754,1632,1602,1933,1818,1487,4069,"6,819",26.8%,"18,659",73.2%,"2,204",8.7%,"9,038",35.5%,"10,278",40.3%,208,0.8%,458,1.8%,"3,290",12.9%,3,0.0%,"25,075",98.4%,"5,794",22.7%,"22,031",86.5%,89.0%
75,2019-20,26174,432,1749,1823,1914,1814,1925,1862,1874,1756,1658,1944,1741,1509,4173,"6,941",26.5%,"19,233",73.5%,"2,393",9.1%,"9,126",34.9%,"10,671",40.8%,245,0.9%,431,1.6%,"3,272",12.5%,36,0.1%,"25,806",98.6%,"5,957",22.8%,"22,922",87.6%,90.0%
75,2020-21,26524,408,1727,1937,1901,1898,1804,1891,1755,1895,1732,1875,1782,1474,4445,"7,025",26.5%,"19,499",73.5%,"2,517",9.5%,"9,229",34.8%,"10,850",40.9%,243,0.9%,425,1.6%,"3,247",12.2%,13,0.0%,"26,236",98.9%,"5,782",21.8%,"23,047",86.9%,88.8%
79,2016-17,5829,0,0,0,0,0,0,0,5,21,168,460,4154,120,901,"2,057",35.3%,"3,772",64.7%,620,10.6%,"2,275",39.0%,"2,429",41.7%,16,0.3%,89,1.5%,400,6.9%,0,0.0%,964,16.5%,734,12.6%,"2,684",46.0%,69.0%
79,2017-18,5092,0,0,0,0,0,0,0,3,15,184,345,3800,105,640,"1,876",36.8%,"3,216",63.2%,562,11.0%,"1,963",38.6%,"2,149",42.2%,29,0.6%,76,1.5%,313,6.1%,0,0.0%,862,16.9%,622,12.2%,"3,807",74.8%,86.0%
79,2018-19,5100,0,0,0,0,0,0,0,8,24,130,282,3779,92,785,"1,765",34.6%,"3,335",65.4%,531,10.4%,"1,891",37.1%,"2,253",44.2%,21,0.4%,75,1.5%,329,6.5%,0,0.0%,874,17.1%,716,14.0%,"3,724",73.0%,85.0%
79,2019-20,9025,0,0,0,0,0,0,1,3,25,175,338,3948,566,3969,"3,360",37.2%,"5,665",62.8%,884,9.8%,"3,151",34.9%,"4,206",46.6%,32,0.4%,147,1.6%,598,6.6%,7,0.1%,"1,872",20.7%,"1,410",15.6%,"6,992",77.5%,86.8%
79,2020-21,7234,0,0,0,0,0,0,0,3,9,146,270,3693,457,2656,"2,713",37.5%,"4,521",62.5%,691,9.6%,"2,577",35.6%,"3,329",46.0%,25,0.3%,100,1.4%,508,7.0%,4,0.1%,"1,600",22.1%,"1,052",14.5%,"5,662",78.3%,86.5%
84,2016-17,105065,518,11049,11370,10877,10306,8426,8453,9433,8814,7195,6320,5146,3865,3293,"53,357",50.8%,"51,708",49.2%,"2,606",2.5%,"56,490",53.8%,"39,389",37.5%,775,0.7%,"1,035",1.0%,"4,449",4.2%,321,0.3%,"18,001",17.1%,"7,119",6.8%,"81,394",77.5%,67.4%
84,2017-18,113528,533,11445,12016,11447,10857,10032,9584,9887,9042,8251,6784,5601,4314,3735,"57,761",50.9%,"55,766",49.1%,"2,946",2.6%,"60,025",52.9%,"43,171",38.0%,980,0.9%,"1,148",1.0%,"4,978",4.4%,280,0.2%,"20,002",17.6%,"7,859",6.9%,"92,292",81.3%,75.6%
84,2018-19,119551,524,12001,12103,11765,10955,10196,10568,10871,9568,8690,6954,6480,4764,4112,"60,958",51.0%,"58,593",49.0%,"3,256",2.7%,"61,792",51.7%,"46,552",38.9%,"1,113",0.9%,"1,358",1.1%,"5,199",4.3%,281,0.2%,"21,281",17.8%,"8,264",6.9%,"96,585",80.8%,75.4%
84,2019-20,129668,572,13217,13130,12313,11798,10928,11152,12087,10677,9320,7553,6867,5556,4498,"65,986",50.9%,"63,682",49.1%,"3,732",2.9%,"65,654",50.6%,"51,836",40.0%,"1,228",0.9%,"1,433",1.1%,"5,516",4.3%,269,0.2%,"23,257",17.9%,"9,256",7.1%,"104,010",80.2%,78.1%
84,2020-21,138648,636,13122,13775,13331,12526,11982,11474,12952,12093,10584,7746,7269,6065,5093,"70,093",50.6%,"68,555",49.4%,"4,292",3.1%,"68,676",49.5%,"56,084",40.5%,"1,543",1.1%,"1,556",1.1%,"6,052",4.4%,445,0.3%,"24,752",17.9%,"10,628",7.7%,"110,799",79.9%,77.2%
